id,Date,Action
0,2005-01-03,0
1,2005-01-04,0
2,2005-01-05,0
3,2005-01-06,0
4,2005-01-07,0
5,2005-01-10,0
6,2005-01-11,0
7,2005-01-12,0
8,2005-01-13,0
9,2005-01-14,0
10,2005-01-18,0
11,2005-01-19,0
12,2005-01-20,0
13,2005-01-21,0
14,2005-01-24,0
15,2005-01-25,0
16,2005-01-26,0
17,2005-01-27,0
18,2005-01-28,0
19,2005-01-31,0
20,2005-02-01,0
21,2005-02-02,0
22,2005-02-03,1
23,2005-02-04,1
24,2005-02-07,1
25,2005-02-08,1
26,2005-02-09,1
27,2005-02-10,1
28,2005-02-11,0
29,2005-02-14,0
30,2005-02-15,0
31,2005-02-16,1
32,2005-02-17,1
33,2005-02-18,0
34,2005-02-22,0
35,2005-02-23,0
36,2005-02-24,0
37,2005-02-25,0
38,2005-02-28,0
39,2005-03-01,0
40,2005-03-02,0
41,2005-03-03,0
42,2005-03-04,0
43,2005-03-07,0
44,2005-03-08,0
45,2005-03-09,0
46,2005-03-10,2
47,2005-03-11,2
48,2005-03-14,0
49,2005-03-15,0
50,2005-03-16,0
51,2005-03-17,0
52,2005-03-18,0
53,2005-03-21,0
54,2005-03-22,0
55,2005-03-23,0
56,2005-03-24,0
57,2005-03-28,0
58,2005-03-29,0
59,2005-03-31,0
60,2005-04-01,0
61,2005-04-04,0
62,2005-04-05,0
63,2005-04-06,0
64,2005-04-07,0
65,2005-04-08,0
66,2005-04-11,0
67,2005-04-12,0
68,2005-04-13,0
69,2005-04-14,0
70,2005-04-15,0
71,2005-04-18,0
72,2005-04-19,0
73,2005-04-20,0
74,2005-04-21,0
75,2005-04-22,0
76,2005-04-25,0
77,2005-04-26,0
78,2005-04-27,0
79,2005-04-29,2
80,2005-05-02,0
81,2005-05-03,0
82,2005-05-04,0
83,2005-05-05,0
84,2005-05-06,0
85,2005-05-09,0
86,2005-05-10,0
87,2005-05-11,0
88,2005-05-12,0
89,2005-05-13,0
90,2005-05-16,0
91,2005-05-17,0
92,2005-05-18,0
93,2005-05-19,0
94,2005-05-20,0
95,2005-05-23,0
96,2005-05-24,0
97,2005-05-25,1
98,2005-05-26,1
99,2005-05-27,1
100,2005-05-31,1
101,2005-06-01,1
102,2005-06-02,1
103,2005-06-03,0
104,2005-06-06,0
105,2005-06-07,0
106,2005-06-08,0
107,2005-06-09,0
108,2005-06-10,0
109,2005-06-13,0
110,2005-06-14,0
111,2005-06-15,0
112,2005-06-16,0
113,2005-06-17,0
114,2005-06-20,0
115,2005-06-21,2
116,2005-06-22,0
117,2005-06-23,2
118,2005-06-24,2
119,2005-06-27,2
120,2005-06-28,0
121,2005-06-30,0
122,2005-07-01,0
123,2005-07-05,0
124,2005-07-06,0
125,2005-07-07,0
126,2005-07-08,0
127,2005-07-11,0
128,2005-07-12,0
129,2005-07-13,0
130,2005-07-14,1
131,2005-07-15,0
132,2005-07-18,0
133,2005-07-19,0
134,2005-07-20,0
135,2005-07-21,1
136,2005-07-22,1
137,2005-07-25,0
138,2005-07-26,1
139,2005-07-27,0
140,2005-07-28,0
141,2005-07-29,0
142,2005-08-01,0
143,2005-08-02,0
144,2005-08-03,0
145,2005-08-04,0
146,2005-08-05,0
147,2005-08-08,0
148,2005-08-09,0
149,2005-08-10,0
150,2005-08-11,0
151,2005-08-12,0
152,2005-08-15,0
153,2005-08-16,0
154,2005-08-17,0
155,2005-08-18,0
156,2005-08-19,0
157,2005-08-22,0
158,2005-08-23,0
159,2005-08-24,1
160,2005-08-25,1
161,2005-08-26,1
162,2005-08-29,1
163,2005-08-30,1
164,2005-08-31,1
165,2005-09-01,1
166,2005-09-02,1
167,2005-09-06,1
168,2005-09-07,1
169,2005-09-08,1
170,2005-09-09,1
171,2005-09-12,0
172,2005-09-13,1
173,2005-09-14,0
174,2005-09-15,0
175,2005-09-16,0
176,2005-09-19,0
177,2005-09-20,0
178,2005-09-21,0
179,2005-09-22,0
180,2005-09-23,0
181,2005-09-26,0
182,2005-09-27,0
183,2005-09-28,0
184,2005-09-29,0
185,2005-09-30,0
186,2005-10-03,0
187,2005-10-04,0
188,2005-10-05,0
189,2005-10-06,0
190,2005-10-07,0
191,2005-10-10,0
192,2005-10-11,0
193,2005-10-12,0
194,2005-10-13,0
195,2005-10-14,0
196,2005-10-17,0
197,2005-10-18,0
198,2005-10-19,0
199,2005-10-20,0
200,2005-10-21,0
201,2005-10-24,0
202,2005-10-25,0
203,2005-10-26,0
204,2005-10-27,0
205,2005-10-28,0
206,2005-10-31,1
207,2005-11-01,1
208,2005-11-02,1
209,2005-11-03,1
210,2005-11-04,1
211,2005-11-07,1
212,2005-11-08,1
213,2005-11-09,1
214,2005-11-10,1
215,2005-11-11,1
216,2005-11-14,1
217,2005-11-15,1
218,2005-11-16,1
219,2005-11-17,1
220,2005-11-18,1
221,2005-11-21,0
222,2005-11-22,0
223,2005-11-23,0
224,2005-11-28,0
225,2005-11-29,0
226,2005-11-30,0
227,2005-12-01,0
228,2005-12-02,0
229,2005-12-05,0
230,2005-12-06,0
231,2005-12-07,0
232,2005-12-08,0
233,2005-12-09,0
234,2005-12-12,0
235,2005-12-13,0
236,2005-12-14,1
237,2005-12-15,1
238,2005-12-16,1
239,2005-12-19,1
240,2005-12-20,1
241,2005-12-21,1
242,2005-12-22,1
243,2005-12-23,1
244,2005-12-27,1
245,2005-12-28,1
246,2005-12-29,1
247,2005-12-30,1
248,2006-01-03,1
249,2006-01-04,1
250,2006-01-05,1
251,2006-01-06,1
252,2006-01-09,0
253,2006-01-10,1
254,2006-01-11,1
255,2006-01-12,0
256,2006-01-13,0
257,2006-01-17,0
258,2006-01-18,0
259,2006-01-19,0
260,2006-01-20,0
261,2006-01-23,0
262,2006-01-24,0
263,2006-01-25,2
264,2006-01-26,0
265,2006-01-27,0
266,2006-01-30,0
267,2006-01-31,0
268,2006-02-01,0
269,2006-02-02,0
270,2006-02-03,0
271,2006-02-06,0
272,2006-02-07,0
273,2006-02-08,0
274,2006-02-09,0
275,2006-02-10,0
276,2006-02-13,0
277,2006-02-14,0
278,2006-02-15,0
279,2006-02-16,0
280,2006-02-17,0
281,2006-02-21,0
282,2006-02-22,0
283,2006-02-23,0
284,2006-02-24,0
285,2006-02-27,0
286,2006-02-28,0
287,2006-03-01,0
288,2006-03-02,0
289,2006-03-03,0
290,2006-03-06,0
291,2006-03-07,0
292,2006-03-08,1
293,2006-03-09,1
294,2006-03-10,1
295,2006-03-13,1
296,2006-03-14,1
297,2006-03-15,1
298,2006-03-16,1
299,2006-03-17,1
300,2006-03-20,1
301,2006-03-21,1
302,2006-03-22,1
303,2006-03-23,1
304,2006-03-24,1
305,2006-03-27,1
306,2006-03-28,1
307,2006-03-29,1
308,2006-03-30,1
309,2006-03-31,1
310,2006-04-03,1
311,2006-04-04,1
312,2006-04-05,1
313,2006-04-06,1
314,2006-04-07,1
315,2006-04-10,1
316,2006-04-11,1
317,2006-04-12,1
318,2006-04-13,1
319,2006-04-17,1
320,2006-04-18,1
321,2006-04-19,1
322,2006-04-20,1
323,2006-04-21,1
324,2006-04-24,1
325,2006-04-25,1
326,2006-04-26,1
327,2006-04-27,1
328,2006-04-28,0
329,2006-05-01,0
330,2006-05-02,0
331,2006-05-03,2
332,2006-05-04,0
333,2006-05-05,2
334,2006-05-08,0
335,2006-05-09,2
336,2006-05-10,2
337,2006-05-11,2
338,2006-05-12,2
339,2006-05-15,2
340,2006-05-16,2
341,2006-05-17,2
342,2006-05-18,2
343,2006-05-19,2
344,2006-05-22,2
345,2006-05-23,2
346,2006-05-24,2
347,2006-05-25,2
348,2006-05-26,2
349,2006-05-30,2
350,2006-05-31,2
351,2006-06-01,2
352,2006-06-02,2
353,2006-06-05,2
354,2006-06-06,2
355,2006-06-07,2
356,2006-06-08,0
357,2006-06-09,0
358,2006-06-12,0
359,2006-06-13,1
360,2006-06-14,1
361,2006-06-15,1
362,2006-06-16,1
363,2006-06-19,1
364,2006-06-20,1
365,2006-06-21,1
366,2006-06-22,1
367,2006-06-23,1
368,2006-06-26,1
369,2006-06-27,1
370,2006-06-28,1
371,2006-06-29,1
372,2006-06-30,0
373,2006-07-05,0
374,2006-07-06,0
375,2006-07-07,0
376,2006-07-10,0
377,2006-07-11,0
378,2006-07-12,0
379,2006-07-13,0
380,2006-07-14,0
381,2006-07-17,0
382,2006-07-18,0
383,2006-07-19,0
384,2006-07-20,0
385,2006-07-21,0
386,2006-07-24,0
387,2006-07-25,0
388,2006-07-26,0
389,2006-07-27,0
390,2006-07-28,0
391,2006-07-31,0
392,2006-08-01,0
393,2006-08-02,2
394,2006-08-03,0
395,2006-08-04,0
396,2006-08-07,2
397,2006-08-08,2
398,2006-08-09,2
399,2006-08-10,0
400,2006-08-11,0
401,2006-08-14,0
402,2006-08-15,0
403,2006-08-16,0
404,2006-08-17,0
405,2006-08-18,0
406,2006-08-21,2
407,2006-08-22,2
408,2006-08-23,2
409,2006-08-24,2
410,2006-08-25,2
411,2006-08-28,2
412,2006-08-29,2
413,2006-08-30,2
414,2006-08-31,2
415,2006-09-01,2
416,2006-09-04,2
417,2006-09-05,2
418,2006-09-06,2
419,2006-09-07,0
420,2006-09-08,0
421,2006-09-11,0
422,2006-09-12,0
423,2006-09-13,2
424,2006-09-14,0
425,2006-09-15,0
426,2006-09-18,0
427,2006-09-19,0
428,2006-09-20,0
429,2006-09-21,0
430,2006-09-22,0
431,2006-09-25,0
432,2006-09-26,0
433,2006-09-27,0
434,2006-09-28,0
435,2006-09-29,0
436,2006-10-02,0
437,2006-10-03,0
438,2006-10-04,1
439,2006-10-05,1
440,2006-10-06,1
441,2006-10-09,1
442,2006-10-10,1
443,2006-10-11,1
444,2006-10-12,1
445,2006-10-13,1
446,2006-10-16,1
447,2006-10-17,1
448,2006-10-18,1
449,2006-10-19,1
450,2006-10-20,1
451,2006-10-23,1
452,2006-10-24,1
453,2006-10-25,1
454,2006-10-26,0
455,2006-10-27,0
456,2006-10-30,0
457,2006-10-31,0
458,2006-11-01,0
459,2006-11-02,0
460,2006-11-03,0
461,2006-11-06,0
462,2006-11-07,0
463,2006-11-08,1
464,2006-11-09,0
465,2006-11-10,0
466,2006-11-13,0
467,2006-11-14,0
468,2006-11-15,0
469,2006-11-16,0
470,2006-11-17,0
471,2006-11-20,0
472,2006-11-21,0
473,2006-11-22,0
474,2006-11-24,0
475,2006-11-28,0
476,2006-11-29,0
477,2006-11-30,2
478,2006-12-01,0
479,2006-12-04,0
480,2006-12-05,0
481,2006-12-06,0
482,2006-12-07,0
483,2006-12-08,0
484,2006-12-11,0
485,2006-12-12,0
486,2006-12-13,0
487,2006-12-14,0
488,2006-12-15,0
489,2006-12-18,0
490,2006-12-19,0
491,2006-12-20,0
492,2006-12-21,0
493,2006-12-22,0
494,2006-12-26,0
495,2006-12-27,0
496,2006-12-28,0
497,2006-12-29,0
498,2007-01-02,0
499,2007-01-03,0
500,2007-01-04,0
501,2007-01-05,1
502,2007-01-08,1
503,2007-01-09,1
504,2007-01-10,1
505,2007-01-11,1
506,2007-01-12,1
507,2007-01-16,1
508,2007-01-17,0
509,2007-01-18,1
510,2007-01-19,1
511,2007-01-22,1
512,2007-01-23,0
513,2007-01-24,0
514,2007-01-25,0
515,2007-01-26,0
516,2007-01-29,0
517,2007-01-30,1
518,2007-01-31,1
519,2007-02-01,0
520,2007-02-02,1
521,2007-02-05,1
522,2007-02-06,0
523,2007-02-07,0
524,2007-02-08,0
525,2007-02-09,2
526,2007-02-12,0
527,2007-02-13,0
528,2007-02-14,0
529,2007-02-15,0
530,2007-02-16,0
531,2007-02-20,0
532,2007-02-21,2
533,2007-02-22,2
534,2007-02-23,2
535,2007-02-26,2
536,2007-02-27,0
537,2007-02-28,0
538,2007-03-01,0
539,2007-03-02,0
540,2007-03-05,1
541,2007-03-06,0
542,2007-03-07,0
543,2007-03-08,0
544,2007-03-09,0
545,2007-03-12,0
546,2007-03-13,0
547,2007-03-14,1
548,2007-03-15,1
549,2007-03-16,0
550,2007-03-19,0
551,2007-03-20,0
552,2007-03-21,0
553,2007-03-22,0
554,2007-03-23,1
555,2007-03-26,0
556,2007-03-27,1
557,2007-03-28,0
558,2007-03-29,1
559,2007-03-30,1
560,2007-04-02,0
561,2007-04-03,0
562,2007-04-04,0
563,2007-04-05,0
564,2007-04-09,0
565,2007-04-10,0
566,2007-04-11,0
567,2007-04-12,0
568,2007-04-13,0
569,2007-04-16,0
570,2007-04-17,0
571,2007-04-18,0
572,2007-04-19,0
573,2007-04-20,0
574,2007-04-23,0
575,2007-04-24,0
576,2007-04-25,0
577,2007-04-26,0
578,2007-04-27,0
579,2007-04-30,0
580,2007-05-01,0
581,2007-05-02,0
582,2007-05-03,2
583,2007-05-04,2
584,2007-05-07,2
585,2007-05-08,2
586,2007-05-09,0
587,2007-05-10,0
588,2007-05-11,0
589,2007-05-14,0
590,2007-05-15,0
591,2007-05-16,0
592,2007-05-17,0
593,2007-05-18,0
594,2007-05-21,0
595,2007-05-22,0
596,2007-05-23,0
597,2007-05-24,0
598,2007-05-25,0
599,2007-05-29,0
600,2007-05-30,0
601,2007-05-31,0
602,2007-06-01,0
603,2007-06-04,0
604,2007-06-05,2
605,2007-06-06,2
606,2007-06-07,0
607,2007-06-08,0
608,2007-06-11,0
609,2007-06-12,0
610,2007-06-13,0
611,2007-06-14,0
612,2007-06-15,0
613,2007-06-18,0
614,2007-06-19,0
615,2007-06-20,0
616,2007-06-21,0
617,2007-06-22,0
618,2007-06-25,0
619,2007-06-26,1
620,2007-06-27,1
621,2007-06-28,1
622,2007-06-29,1
623,2007-07-02,1
624,2007-07-03,0
625,2007-07-05,0
626,2007-07-06,0
627,2007-07-09,0
628,2007-07-10,0
629,2007-07-11,0
630,2007-07-12,0
631,2007-07-13,0
632,2007-07-16,0
633,2007-07-17,0
634,2007-07-18,0
635,2007-07-19,0
636,2007-07-20,0
637,2007-07-23,0
638,2007-07-24,0
639,2007-07-25,0
640,2007-07-26,0
641,2007-07-27,0
642,2007-07-30,0
643,2007-07-31,0
644,2007-08-01,0
645,2007-08-02,0
646,2007-08-03,0
647,2007-08-06,0
648,2007-08-07,0
649,2007-08-08,0
650,2007-08-09,0
651,2007-08-10,0
652,2007-08-13,0
653,2007-08-14,0
654,2007-08-15,0
655,2007-08-16,1
656,2007-08-17,1
657,2007-08-20,1
658,2007-08-21,1
659,2007-08-22,1
660,2007-08-23,1
661,2007-08-24,1
662,2007-08-27,1
663,2007-08-28,1
664,2007-08-29,1
665,2007-08-30,1
666,2007-08-31,1
667,2007-09-04,1
668,2007-09-05,1
669,2007-09-06,1
670,2007-09-07,1
671,2007-09-10,1
672,2007-09-11,0
673,2007-09-12,0
674,2007-09-13,0
675,2007-09-14,1
676,2007-09-17,0
677,2007-09-18,0
678,2007-09-19,0
679,2007-09-20,0
680,2007-09-21,0
681,2007-09-24,0
682,2007-09-25,0
683,2007-09-26,1
684,2007-09-27,1
685,2007-09-28,0
686,2007-10-01,0
687,2007-10-02,1
688,2007-10-03,1
689,2007-10-04,0
690,2007-10-05,1
691,2007-10-08,1
692,2007-10-09,1
693,2007-10-10,1
694,2007-10-11,1
695,2007-10-12,1
696,2007-10-15,1
697,2007-10-16,1
698,2007-10-17,1
699,2007-10-18,1
700,2007-10-19,1
701,2007-10-22,1
702,2007-10-23,1
703,2007-10-24,1
704,2007-10-25,0
705,2007-10-26,0
706,2007-10-29,0
707,2007-10-30,0
708,2007-10-31,0
709,2007-11-01,1
710,2007-11-02,0
711,2007-11-05,0
712,2007-11-06,0
713,2007-11-07,2
714,2007-11-08,2
715,2007-11-09,2
716,2007-11-12,0
717,2007-11-13,0
718,2007-11-14,0
719,2007-11-15,0
720,2007-11-16,0
721,2007-11-19,1
722,2007-11-20,0
723,2007-11-21,0
724,2007-11-23,0
725,2007-11-26,0
726,2007-11-27,0
727,2007-11-28,0
728,2007-11-29,0
729,2007-11-30,0
730,2007-12-03,0
731,2007-12-04,0
732,2007-12-05,0
733,2007-12-06,1
734,2007-12-07,1
735,2007-12-10,1
736,2007-12-11,1
737,2007-12-12,1
738,2007-12-13,1
739,2007-12-14,1
740,2007-12-17,1
741,2007-12-18,1
742,2007-12-19,1
743,2007-12-20,1
744,2007-12-21,1
745,2007-12-24,1
746,2007-12-26,1
747,2007-12-27,1
748,2007-12-28,1
749,2007-12-31,1
750,2008-01-02,1
751,2008-01-03,1
752,2008-01-04,1
753,2008-01-07,1
754,2008-01-08,1
755,2008-01-09,1
756,2008-01-10,0
757,2008-01-11,0
758,2008-01-14,0
759,2008-01-15,0
760,2008-01-16,0
761,2008-01-17,1
762,2008-01-18,1
763,2008-01-22,0
764,2008-01-23,0
765,2008-01-24,0
766,2008-01-25,0
767,2008-01-28,0
768,2008-01-29,0
769,2008-01-30,0
770,2008-01-31,0
771,2008-02-01,0
772,2008-02-04,1
773,2008-02-05,1
774,2008-02-06,1
775,2008-02-07,1
776,2008-02-08,1
777,2008-02-11,1
778,2008-02-12,1
779,2008-02-13,1
780,2008-02-14,1
781,2008-02-15,1
782,2008-02-19,1
783,2008-02-20,1
784,2008-02-21,1
785,2008-02-22,1
786,2008-02-25,1
787,2008-02-26,1
788,2008-02-27,0
789,2008-02-28,2
790,2008-02-29,2
791,2008-03-03,2
792,2008-03-04,0
793,2008-03-05,0
794,2008-03-06,2
795,2008-03-07,2
796,2008-03-10,2
797,2008-03-11,2
798,2008-03-12,2
799,2008-03-13,2
800,2008-03-14,2
801,2008-03-17,2
802,2008-03-18,2
803,2008-03-19,0
804,2008-03-20,0
805,2008-03-24,0
806,2008-03-25,0
807,2008-03-26,0
808,2008-03-27,0
809,2008-03-28,0
810,2008-03-31,0
811,2008-04-01,1
812,2008-04-02,0
813,2008-04-03,0
814,2008-04-04,0
815,2008-04-07,0
816,2008-04-08,2
817,2008-04-09,2
818,2008-04-10,2
819,2008-04-11,2
820,2008-04-14,2
821,2008-04-15,2
822,2008-04-16,2
823,2008-04-17,2
824,2008-04-18,0
825,2008-04-21,0
826,2008-04-22,2
827,2008-04-23,2
828,2008-04-24,0
829,2008-04-25,0
830,2008-04-28,0
831,2008-04-29,1
832,2008-04-30,1
833,2008-05-01,1
834,2008-05-02,1
835,2008-05-05,1
836,2008-05-06,0
837,2008-05-07,0
838,2008-05-08,0
839,2008-05-09,0
840,2008-05-12,0
841,2008-05-13,0
842,2008-05-14,0
843,2008-05-15,0
844,2008-05-16,0
845,2008-05-19,2
846,2008-05-20,2
847,2008-05-21,2
848,2008-05-22,2
849,2008-05-23,2
850,2008-05-27,0
851,2008-05-28,0
852,2008-05-29,0
853,2008-05-30,0
854,2008-06-02,0
855,2008-06-03,0
856,2008-06-04,0
857,2008-06-05,1
858,2008-06-06,0
859,2008-06-09,0
860,2008-06-10,1
861,2008-06-11,1
862,2008-06-12,1
863,2008-06-13,1
864,2008-06-16,1
865,2008-06-17,1
866,2008-06-18,1
867,2008-06-19,1
868,2008-06-20,1
869,2008-06-23,1
870,2008-06-24,1
871,2008-06-25,1
872,2008-06-26,1
873,2008-06-27,0
874,2008-06-30,0
875,2008-07-01,0
876,2008-07-02,0
877,2008-07-03,0
878,2008-07-07,0
879,2008-07-08,0
880,2008-07-09,0
881,2008-07-10,0
882,2008-07-11,2
883,2008-07-14,2
884,2008-07-15,2
885,2008-07-16,2
886,2008-07-17,2
887,2008-07-18,2
888,2008-07-21,2
889,2008-07-22,2
890,2008-07-23,2
891,2008-07-24,2
892,2008-07-25,2
893,2008-07-28,2
894,2008-07-29,2
895,2008-07-30,2
896,2008-07-31,2
897,2008-08-01,2
898,2008-08-04,2
899,2008-08-05,2
900,2008-08-06,2
901,2008-08-07,2
902,2008-08-08,0
903,2008-08-11,0
904,2008-08-12,0
905,2008-08-13,0
906,2008-08-14,0
907,2008-08-15,0
908,2008-08-18,0
909,2008-08-19,2
910,2008-08-20,2
911,2008-08-21,2
912,2008-08-22,2
913,2008-08-25,2
914,2008-08-26,0
915,2008-08-27,1
916,2008-08-28,0
917,2008-08-29,1
918,2008-09-02,1
919,2008-09-03,1
920,2008-09-04,1
921,2008-09-05,1
922,2008-09-08,1
923,2008-09-09,1
924,2008-09-10,1
925,2008-09-11,1
926,2008-09-12,1
927,2008-09-15,1
928,2008-09-16,1
929,2008-09-17,1
930,2008-09-18,0
931,2008-09-19,0
932,2008-09-22,2
933,2008-09-23,2
934,2008-09-24,2
935,2008-09-25,2
936,2008-09-26,2
937,2008-09-29,2
938,2008-09-30,2
939,2008-10-01,2
940,2008-10-02,2
941,2008-10-03,2
942,2008-10-06,2
943,2008-10-07,2
944,2008-10-08,2
945,2008-10-09,2
946,2008-10-10,2
947,2008-10-13,2
948,2008-10-14,2
949,2008-10-15,2
950,2008-10-16,2
951,2008-10-17,2
952,2008-10-20,2
953,2008-10-21,2
954,2008-10-22,0
955,2008-10-23,0
956,2008-10-24,0
957,2008-10-27,0
958,2008-10-28,0
959,2008-10-29,0
960,2008-10-30,0
961,2008-10-31,1
962,2008-11-03,1
963,2008-11-04,1
964,2008-11-05,1
965,2008-11-06,1
966,2008-11-07,1
967,2008-11-10,1
968,2008-11-11,1
969,2008-11-12,1
970,2008-11-13,1
971,2008-11-14,0
972,2008-11-17,1
973,2008-11-18,1
974,2008-11-19,1
975,2008-11-20,1
976,2008-11-21,1
977,2008-11-24,0
978,2008-11-25,1
979,2008-11-26,1
980,2008-11-28,0
981,2008-12-01,1
982,2008-12-02,1
983,2008-12-03,1
984,2008-12-04,1
985,2008-12-05,1
986,2008-12-08,1
987,2008-12-09,1
988,2008-12-10,1
989,2008-12-11,0
990,2008-12-12,1
991,2008-12-15,0
992,2008-12-16,0
993,2008-12-17,0
994,2008-12-18,2
995,2008-12-19,0
996,2008-12-22,2
997,2008-12-23,0
998,2008-12-24,0
999,2008-12-26,0
1000,2008-12-29,0
1001,2008-12-30,0
1002,2008-12-31,0
1003,2009-01-02,0
1004,2009-01-05,1
1005,2009-01-06,0
1006,2009-01-07,1
1007,2009-01-08,1
1008,2009-01-09,1
1009,2009-01-12,1
1010,2009-01-13,1
1011,2009-01-14,1
1012,2009-01-15,1
1013,2009-01-16,1
1014,2009-01-20,1
1015,2009-01-21,1
1016,2009-01-22,1
1017,2009-01-23,1
1018,2009-01-26,1
1019,2009-01-27,1
1020,2009-01-28,1
1021,2009-01-29,1
1022,2009-01-30,1
1023,2009-02-02,1
1024,2009-02-03,1
1025,2009-02-04,1
1026,2009-02-05,0
1027,2009-02-06,0
1028,2009-02-09,0
1029,2009-02-10,0
1030,2009-02-11,0
1031,2009-02-12,0
1032,2009-02-13,0
1033,2009-02-17,2
1034,2009-02-18,2
1035,2009-02-19,2
1036,2009-02-20,2
1037,2009-02-23,2
1038,2009-02-24,2
1039,2009-02-25,2
1040,2009-02-26,0
1041,2009-02-27,0
1042,2009-03-02,0
1043,2009-03-03,0
1044,2009-03-04,0
1045,2009-03-05,0
1046,2009-03-06,0
1047,2009-03-09,0
1048,2009-03-10,0
1049,2009-03-11,0
1050,2009-03-12,0
1051,2009-03-13,0
1052,2009-03-16,2
1053,2009-03-17,0
1054,2009-03-18,0
1055,2009-03-19,2
1056,2009-03-20,2
1057,2009-03-23,2
1058,2009-03-24,0
1059,2009-03-25,2
1060,2009-03-26,2
1061,2009-03-27,0
1062,2009-03-30,0
1063,2009-03-31,0
1064,2009-04-01,0
1065,2009-04-02,0
1066,2009-04-03,0
1067,2009-04-06,0
1068,2009-04-07,0
1069,2009-04-08,0
1070,2009-04-09,0
1071,2009-04-13,0
1072,2009-04-14,0
1073,2009-04-15,0
1074,2009-04-16,1
1075,2009-04-17,1
1076,2009-04-20,0
1077,2009-04-21,1
1078,2009-04-22,0
1079,2009-04-23,0
1080,2009-04-24,0
1081,2009-04-27,0
1082,2009-04-28,0
1083,2009-04-29,1
1084,2009-04-30,1
1085,2009-05-01,1
1086,2009-05-04,1
1087,2009-05-05,1
1088,2009-05-06,1
1089,2009-05-07,1
1090,2009-05-08,1
1091,2009-05-11,1
1092,2009-05-12,1
1093,2009-05-13,1
1094,2009-05-14,0
1095,2009-05-15,0
1096,2009-05-18,0
1097,2009-05-19,0
1098,2009-05-20,0
1099,2009-05-21,0
1100,2009-05-22,0
1101,2009-05-26,0
1102,2009-05-27,0
1103,2009-05-28,0
1104,2009-05-29,2
1105,2009-06-01,2
1106,2009-06-02,2
1107,2009-06-03,0
1108,2009-06-04,2
1109,2009-06-05,0
1110,2009-06-08,0
1111,2009-06-09,0
1112,2009-06-10,0
1113,2009-06-11,0
1114,2009-06-12,0
1115,2009-06-15,0
1116,2009-06-16,0
1117,2009-06-17,0
1118,2009-06-18,0
1119,2009-06-19,0
1120,2009-06-22,0
1121,2009-06-23,0
1122,2009-06-24,0
1123,2009-06-25,0
1124,2009-06-26,0
1125,2009-06-29,0
1126,2009-06-30,0
1127,2009-07-01,0
1128,2009-07-02,0
1129,2009-07-06,0
1130,2009-07-07,0
1131,2009-07-08,0
1132,2009-07-09,0
1133,2009-07-10,1
1134,2009-07-13,0
1135,2009-07-14,1
1136,2009-07-15,0
1137,2009-07-16,0
1138,2009-07-17,0
1139,2009-07-20,0
1140,2009-07-21,0
1141,2009-07-22,0
1142,2009-07-23,0
1143,2009-07-24,0
1144,2009-07-27,0
1145,2009-07-28,0
1146,2009-07-29,0
1147,2009-07-30,0
1148,2009-07-31,0
1149,2009-08-03,0
1150,2009-08-04,0
1151,2009-08-05,0
1152,2009-08-06,0
1153,2009-08-07,0
1154,2009-08-10,0
1155,2009-08-11,0
1156,2009-08-12,0
1157,2009-08-13,1
1158,2009-08-14,1
1159,2009-08-17,1
1160,2009-08-18,1
1161,2009-08-19,1
1162,2009-08-20,1
1163,2009-08-21,1
1164,2009-08-24,1
1165,2009-08-25,1
1166,2009-08-26,1
1167,2009-08-27,1
1168,2009-08-28,1
1169,2009-08-31,1
1170,2009-09-01,1
1171,2009-09-02,0
1172,2009-09-03,0
1173,2009-09-04,0
1174,2009-09-08,0
1175,2009-09-09,0
1176,2009-09-10,0
1177,2009-09-11,0
1178,2009-09-14,0
1179,2009-09-15,0
1180,2009-09-16,0
1181,2009-09-17,1
1182,2009-09-18,0
1183,2009-09-21,1
1184,2009-09-22,1
1185,2009-09-23,1
1186,2009-09-24,1
1187,2009-09-25,1
1188,2009-09-28,1
1189,2009-09-29,1
1190,2009-09-30,1
1191,2009-10-01,1
1192,2009-10-02,1
1193,2009-10-05,0
1194,2009-10-06,0
1195,2009-10-07,0
1196,2009-10-08,0
1197,2009-10-09,0
1198,2009-10-12,0
1199,2009-10-13,0
1200,2009-10-14,0
1201,2009-10-15,0
1202,2009-10-16,1
1203,2009-10-19,1
1204,2009-10-20,1
1205,2009-10-21,1
1206,2009-10-22,1
1207,2009-10-23,1
1208,2009-10-26,1
1209,2009-10-27,1
1210,2009-10-28,1
1211,2009-10-29,1
1212,2009-10-30,1
1213,2009-11-02,1
1214,2009-11-03,1
1215,2009-11-04,1
1216,2009-11-05,1
1217,2009-11-06,1
1218,2009-11-09,1
1219,2009-11-10,1
1220,2009-11-11,1
1221,2009-11-12,1
1222,2009-11-13,1
1223,2009-11-16,0
1224,2009-11-17,0
1225,2009-11-18,0
1226,2009-11-19,0
1227,2009-11-20,0
1228,2009-11-23,0
1229,2009-11-24,0
1230,2009-11-25,2
1231,2009-11-27,2
1232,2009-11-30,2
1233,2009-12-01,2
1234,2009-12-02,2
1235,2009-12-03,2
1236,2009-12-04,2
1237,2009-12-07,2
1238,2009-12-08,2
1239,2009-12-09,0
1240,2009-12-10,0
1241,2009-12-11,0
1242,2009-12-14,0
1243,2009-12-15,0
1244,2009-12-16,0
1245,2009-12-17,0
1246,2009-12-18,0
1247,2009-12-21,0
1248,2009-12-22,1
1249,2009-12-23,0
1250,2009-12-24,0
1251,2009-12-28,0
1252,2009-12-29,0
1253,2009-12-30,0
1254,2009-12-31,0
1255,2010-01-04,0
1256,2010-01-05,0
1257,2010-01-06,2
1258,2010-01-07,2
1259,2010-01-08,0
1260,2010-01-11,0
1261,2010-01-12,0
1262,2010-01-13,2
1263,2010-01-14,2
1264,2010-01-15,2
1265,2010-01-19,2
1266,2010-01-20,0
1267,2010-01-21,0
1268,2010-01-22,0
1269,2010-01-25,0
1270,2010-01-26,0
1271,2010-01-27,0
1272,2010-01-28,0
1273,2010-01-29,0
1274,2010-02-01,0
1275,2010-02-02,0
1276,2010-02-03,0
1277,2010-02-04,1
1278,2010-02-05,1
1279,2010-02-08,1
1280,2010-02-09,1
1281,2010-02-10,1
1282,2010-02-11,0
1283,2010-02-12,0
1284,2010-02-16,0
1285,2010-02-17,0
1286,2010-02-18,0
1287,2010-02-19,0
1288,2010-02-22,0
1289,2010-02-23,0
1290,2010-02-24,0
1291,2010-02-25,0
1292,2010-02-26,0
1293,2010-03-01,0
1294,2010-03-02,0
1295,2010-03-03,2
1296,2010-03-04,0
1297,2010-03-05,0
1298,2010-03-08,0
1299,2010-03-09,0
1300,2010-03-10,0
1301,2010-03-11,0
1302,2010-03-12,0
1303,2010-03-15,0
1304,2010-03-16,0
1305,2010-03-17,0
1306,2010-03-18,0
1307,2010-03-19,1
1308,2010-03-22,1
1309,2010-03-23,1
1310,2010-03-24,1
1311,2010-03-25,0
1312,2010-03-26,0
1313,2010-03-29,0
1314,2010-03-30,0
1315,2010-03-31,0
1316,2010-04-01,0
1317,2010-04-05,0
1318,2010-04-06,0
1319,2010-04-07,0
1320,2010-04-08,0
1321,2010-04-09,0
1322,2010-04-12,0
1323,2010-04-13,0
1324,2010-04-14,0
1325,2010-04-15,0
1326,2010-04-16,1
1327,2010-04-19,1
1328,2010-04-20,1
1329,2010-04-21,1
1330,2010-04-22,1
1331,2010-04-23,1
1332,2010-04-26,1
1333,2010-04-27,1
1334,2010-04-28,0
1335,2010-04-29,0
1336,2010-04-30,0
1337,2010-05-03,0
1338,2010-05-04,0
1339,2010-05-05,0
1340,2010-05-06,0
1341,2010-05-07,0
1342,2010-05-10,0
1343,2010-05-11,0
1344,2010-05-12,0
1345,2010-05-13,0
1346,2010-05-14,0
1347,2010-05-17,0
1348,2010-05-18,0
1349,2010-05-19,0
1350,2010-05-20,0
1351,2010-05-21,1
1352,2010-05-24,0
1353,2010-05-25,0
1354,2010-05-26,0
1355,2010-05-27,0
1356,2010-05-28,0
1357,2010-06-01,0
1358,2010-06-02,0
1359,2010-06-03,0
1360,2010-06-04,0
1361,2010-06-07,0
1362,2010-06-08,0
1363,2010-06-09,0
1364,2010-06-10,0
1365,2010-06-11,0
1366,2010-06-14,0
1367,2010-06-15,0
1368,2010-06-16,0
1369,2010-06-17,0
1370,2010-06-18,2
1371,2010-06-21,0
1372,2010-06-22,0
1373,2010-06-23,0
1374,2010-06-24,2
1375,2010-06-25,2
1376,2010-06-28,0
1377,2010-06-29,2
1378,2010-06-30,2
1379,2010-07-01,0
1380,2010-07-02,0
1381,2010-07-06,0
1382,2010-07-07,0
1383,2010-07-08,0
1384,2010-07-09,0
1385,2010-07-12,0
1386,2010-07-13,0
1387,2010-07-14,0
1388,2010-07-15,0
1389,2010-07-16,0
1390,2010-07-19,0
1391,2010-07-20,0
1392,2010-07-21,0
1393,2010-07-22,0
1394,2010-07-23,0
1395,2010-07-26,0
1396,2010-07-27,1
1397,2010-07-28,1
1398,2010-07-29,1
1399,2010-07-30,0
1400,2010-08-02,0
1401,2010-08-03,0
1402,2010-08-04,0
1403,2010-08-05,0
1404,2010-08-06,0
1405,2010-08-09,0
1406,2010-08-10,1
1407,2010-08-11,1
1408,2010-08-12,0
1409,2010-08-13,0
1410,2010-08-16,0
1411,2010-08-17,0
1412,2010-08-18,0
1413,2010-08-19,0
1414,2010-08-20,0
1415,2010-08-23,0
1416,2010-08-24,0
1417,2010-08-25,0
1418,2010-08-26,0
1419,2010-08-27,0
1420,2010-08-30,0
1421,2010-08-31,0
1422,2010-09-01,0
1423,2010-09-02,0
1424,2010-09-03,0
1425,2010-09-07,0
1426,2010-09-08,1
1427,2010-09-09,1
1428,2010-09-10,1
1429,2010-09-13,1
1430,2010-09-14,1
1431,2010-09-15,1
1432,2010-09-16,1
1433,2010-09-17,1
1434,2010-09-20,1
1435,2010-09-21,1
1436,2010-09-22,1
1437,2010-09-23,1
1438,2010-09-24,1
1439,2010-09-27,1
1440,2010-09-28,0
1441,2010-09-29,0
1442,2010-09-30,0
1443,2010-10-01,0
1444,2010-10-04,0
1445,2010-10-05,0
1446,2010-10-06,0
1447,2010-10-07,0
1448,2010-10-08,0
1449,2010-10-11,0
1450,2010-10-12,0
1451,2010-10-13,0
1452,2010-10-14,0
1453,2010-10-15,0
1454,2010-10-18,0
1455,2010-10-19,1
1456,2010-10-20,1
1457,2010-10-21,1
1458,2010-10-22,0
1459,2010-10-25,0
1460,2010-10-26,0
1461,2010-10-27,0
1462,2010-10-28,0
1463,2010-10-29,0
1464,2010-11-01,0
1465,2010-11-02,0
1466,2010-11-03,0
1467,2010-11-04,0
1468,2010-11-05,0
1469,2010-11-08,0
1470,2010-11-09,0
1471,2010-11-10,0
1472,2010-11-11,0
1473,2010-11-12,0
1474,2010-11-15,0
1475,2010-11-16,0
1476,2010-11-17,1
1477,2010-11-18,0
1478,2010-11-19,0
1479,2010-11-22,0
1480,2010-11-23,0
1481,2010-11-24,0
1482,2010-11-26,0
1483,2010-11-29,0
1484,2010-11-30,0
1485,2010-12-01,0
1486,2010-12-02,0
1487,2010-12-03,0
1488,2010-12-06,0
1489,2010-12-07,0
1490,2010-12-08,0
1491,2010-12-09,0
1492,2010-12-10,0
1493,2010-12-13,0
1494,2010-12-14,0
1495,2010-12-15,0
1496,2010-12-16,0
1497,2010-12-17,0
1498,2010-12-20,0
1499,2010-12-21,0
1500,2010-12-22,0
1501,2010-12-23,0
1502,2010-12-27,0
1503,2010-12-28,0
1504,2010-12-29,2
1505,2010-12-30,2
1506,2010-12-31,2
1507,2011-01-03,2
1508,2011-01-04,0
1509,2011-01-05,2
1510,2011-01-06,0
1511,2011-01-07,0
1512,2011-01-10,0
1513,2011-01-11,0
1514,2011-01-12,0
1515,2011-01-13,0
1516,2011-01-14,0
1517,2011-01-18,0
1518,2011-01-19,0
1519,2011-01-20,0
1520,2011-01-21,0
1521,2011-01-24,0
1522,2011-01-25,0
1523,2011-01-26,0
1524,2011-01-27,1
1525,2011-01-28,0
1526,2011-01-31,1
1527,2011-02-01,1
1528,2011-02-02,1
1529,2011-02-03,1
1530,2011-02-04,1
1531,2011-02-07,1
1532,2011-02-08,1
1533,2011-02-09,0
1534,2011-02-10,1
1535,2011-02-11,1
1536,2011-02-14,1
1537,2011-02-15,1
1538,2011-02-16,0
1539,2011-02-17,0
1540,2011-02-18,0
1541,2011-02-22,0
1542,2011-02-23,0
1543,2011-02-24,0
1544,2011-02-25,0
1545,2011-02-28,0
1546,2011-03-01,0
1547,2011-03-02,0
1548,2011-03-03,0
1549,2011-03-04,0
1550,2011-03-07,0
1551,2011-03-08,0
1552,2011-03-09,0
1553,2011-03-10,0
1554,2011-03-11,0
1555,2011-03-14,0
1556,2011-03-15,1
1557,2011-03-16,1
1558,2011-03-17,0
1559,2011-03-18,1
1560,2011-03-21,0
1561,2011-03-22,0
1562,2011-03-23,0
1563,2011-03-24,0
1564,2011-03-25,1
1565,2011-03-28,1
1566,2011-03-29,1
1567,2011-03-30,1
1568,2011-03-31,1
1569,2011-04-01,1
1570,2011-04-04,1
1571,2011-04-05,1
1572,2011-04-06,1
1573,2011-04-07,1
1574,2011-04-08,1
1575,2011-04-11,1
1576,2011-04-12,1
1577,2011-04-13,0
1578,2011-04-14,0
1579,2011-04-15,0
1580,2011-04-18,0
1581,2011-04-19,0
1582,2011-04-20,0
1583,2011-04-21,0
1584,2011-04-25,0
1585,2011-04-26,0
1586,2011-04-27,0
1587,2011-04-28,0
1588,2011-04-29,0
1589,2011-05-02,0
1590,2011-05-03,0
1591,2011-05-04,0
1592,2011-05-05,0
1593,2011-05-06,0
1594,2011-05-09,0
1595,2011-05-10,0
1596,2011-05-11,0
1597,2011-05-12,0
1598,2011-05-13,0
1599,2011-05-16,0
1600,2011-05-17,0
1601,2011-05-18,0
1602,2011-05-19,0
1603,2011-05-20,0
1604,2011-05-23,0
1605,2011-05-24,0
1606,2011-05-25,0
1607,2011-05-26,0
1608,2011-05-27,0
1609,2011-05-31,0
1610,2011-06-01,0
1611,2011-06-02,0
1612,2011-06-03,0
1613,2011-06-06,0
1614,2011-06-07,0
1615,2011-06-08,0
1616,2011-06-09,0
1617,2011-06-10,0
1618,2011-06-13,0
1619,2011-06-14,0
1620,2011-06-15,0
1621,2011-06-16,0
1622,2011-06-17,0
1623,2011-06-20,0
1624,2011-06-21,0
1625,2011-06-22,0
1626,2011-06-23,1
1627,2011-06-24,1
1628,2011-06-27,1
1629,2011-06-28,1
1630,2011-06-29,1
1631,2011-06-30,1
1632,2011-07-01,1
1633,2011-07-05,1
1634,2011-07-06,1
1635,2011-07-07,1
1636,2011-07-08,1
1637,2011-07-11,1
1638,2011-07-12,1
1639,2011-07-13,1
1640,2011-07-14,1
1641,2011-07-15,0
1642,2011-07-18,1
1643,2011-07-19,1
1644,2011-07-20,1
1645,2011-07-21,1
1646,2011-07-22,1
1647,2011-07-25,1
1648,2011-07-26,1
1649,2011-07-27,1
1650,2011-07-28,1
1651,2011-07-29,1
1652,2011-08-01,1
1653,2011-08-02,1
1654,2011-08-03,1
1655,2011-08-04,1
1656,2011-08-05,1
1657,2011-08-08,1
1658,2011-08-09,1
1659,2011-08-10,0
1660,2011-08-11,1
1661,2011-08-12,1
1662,2011-08-15,1
1663,2011-08-16,0
1664,2011-08-17,0
1665,2011-08-18,0
1666,2011-08-19,0
1667,2011-08-22,0
1668,2011-08-23,0
1669,2011-08-24,0
1670,2011-08-25,0
1671,2011-08-26,0
1672,2011-08-29,0
1673,2011-08-30,0
1674,2011-08-31,2
1675,2011-09-01,2
1676,2011-09-02,2
1677,2011-09-06,2
1678,2011-09-07,2
1679,2011-09-08,2
1680,2011-09-09,2
1681,2011-09-12,2
1682,2011-09-13,2
1683,2011-09-14,2
1684,2011-09-15,2
1685,2011-09-16,2
1686,2011-09-19,2
1687,2011-09-20,2
1688,2011-09-21,2
1689,2011-09-22,2
1690,2011-09-23,0
1691,2011-09-26,1
1692,2011-09-27,0
1693,2011-09-28,0
1694,2011-09-29,0
1695,2011-09-30,0
1696,2011-10-03,0
1697,2011-10-04,1
1698,2011-10-05,1
1699,2011-10-06,1
1700,2011-10-07,1
1701,2011-10-10,0
1702,2011-10-11,0
1703,2011-10-12,0
1704,2011-10-13,1
1705,2011-10-14,1
1706,2011-10-17,1
1707,2011-10-18,1
1708,2011-10-19,1
1709,2011-10-20,1
1710,2011-10-21,1
1711,2011-10-24,1
1712,2011-10-25,1
1713,2011-10-26,0
1714,2011-10-27,0
1715,2011-10-28,0
1716,2011-10-31,0
1717,2011-11-01,0
1718,2011-11-02,0
1719,2011-11-03,2
1720,2011-11-04,0
1721,2011-11-07,2
1722,2011-11-08,0
1723,2011-11-09,0
1724,2011-11-10,0
1725,2011-11-11,0
1726,2011-11-14,0
1727,2011-11-15,0
1728,2011-11-16,0
1729,2011-11-17,0
1730,2011-11-18,0
1731,2011-11-21,0
1732,2011-11-22,2
1733,2011-11-23,2
1734,2011-11-25,2
1735,2011-11-28,2
1736,2011-11-29,2
1737,2011-11-30,2
1738,2011-12-01,2
1739,2011-12-02,2
1740,2011-12-05,2
1741,2011-12-06,2
1742,2011-12-07,2
1743,2011-12-08,2
1744,2011-12-09,2
1745,2011-12-12,0
1746,2011-12-13,0
1747,2011-12-14,0
1748,2011-12-15,0
1749,2011-12-16,0
1750,2011-12-19,0
1751,2011-12-20,0
1752,2011-12-21,0
1753,2011-12-22,0
1754,2011-12-23,0
1755,2011-12-27,0
1756,2011-12-28,1
1757,2011-12-29,1
1758,2011-12-30,1
1759,2012-01-03,1
1760,2012-01-04,1
1761,2012-01-05,1
1762,2012-01-06,1
1763,2012-01-09,1
1764,2012-01-10,1
1765,2012-01-11,1
1766,2012-01-12,1
1767,2012-01-13,1
1768,2012-01-17,1
1769,2012-01-18,1
1770,2012-01-19,1
1771,2012-01-20,0
1772,2012-01-23,0
1773,2012-01-24,0
1774,2012-01-25,0
1775,2012-01-26,0
1776,2012-01-27,0
1777,2012-01-30,0
1778,2012-01-31,0
1779,2012-02-01,0
1780,2012-02-02,0
1781,2012-02-03,0
1782,2012-02-06,0
1783,2012-02-07,0
1784,2012-02-08,0
1785,2012-02-09,0
1786,2012-02-10,0
1787,2012-02-13,0
1788,2012-02-14,0
1789,2012-02-15,0
1790,2012-02-16,0
1791,2012-02-17,0
1792,2012-02-21,0
1793,2012-02-22,2
1794,2012-02-23,2
1795,2012-02-24,2
1796,2012-02-27,2
1797,2012-02-28,2
1798,2012-02-29,0
1799,2012-03-01,2
1800,2012-03-02,0
1801,2012-03-05,0
1802,2012-03-06,0
1803,2012-03-07,0
1804,2012-03-08,0
1805,2012-03-09,0
1806,2012-03-12,0
1807,2012-03-13,0
1808,2012-03-14,0
1809,2012-03-15,0
1810,2012-03-16,0
1811,2012-03-19,0
1812,2012-03-20,0
1813,2012-03-21,0
1814,2012-03-22,0
1815,2012-03-23,0
1816,2012-03-26,0
1817,2012-03-27,0
1818,2012-03-28,0
1819,2012-03-29,0
1820,2012-03-30,0
1821,2012-04-02,0
1822,2012-04-03,0
1823,2012-04-04,0
1824,2012-04-05,0
1825,2012-04-09,0
1826,2012-04-10,0
1827,2012-04-11,0
1828,2012-04-12,0
1829,2012-04-13,0
1830,2012-04-16,0
1831,2012-04-17,0
1832,2012-04-18,0
1833,2012-04-19,0
1834,2012-04-20,0
1835,2012-04-23,2
1836,2012-04-24,2
1837,2012-04-25,2
1838,2012-04-26,2
1839,2012-04-27,2
1840,2012-04-30,2
1841,2012-05-01,2
1842,2012-05-02,2
1843,2012-05-03,2
1844,2012-05-04,2
1845,2012-05-07,2
1846,2012-05-08,0
1847,2012-05-09,0
1848,2012-05-10,0
1849,2012-05-11,0
1850,2012-05-14,0
1851,2012-05-15,1
1852,2012-05-16,0
1853,2012-05-17,0
1854,2012-05-18,0
1855,2012-05-21,0
1856,2012-05-22,0
1857,2012-05-23,1
1858,2012-05-24,1
1859,2012-05-25,0
1860,2012-05-29,1
1861,2012-05-30,0
1862,2012-05-31,0
1863,2012-06-01,0
1864,2012-06-04,0
1865,2012-06-05,0
1866,2012-06-06,0
1867,2012-06-07,0
1868,2012-06-08,0
1869,2012-06-11,0
1870,2012-06-12,0
1871,2012-06-13,0
1872,2012-06-14,0
1873,2012-06-15,0
1874,2012-06-18,0
1875,2012-06-19,0
1876,2012-06-20,0
1877,2012-06-21,0
1878,2012-06-22,0
1879,2012-06-25,0
1880,2012-06-26,0
1881,2012-06-27,0
1882,2012-06-28,0
1883,2012-06-29,0
1884,2012-07-02,0
1885,2012-07-03,0
1886,2012-07-05,0
1887,2012-07-06,0
1888,2012-07-09,0
1889,2012-07-10,0
1890,2012-07-11,0
1891,2012-07-12,0
1892,2012-07-13,0
1893,2012-07-16,0
1894,2012-07-17,0
1895,2012-07-18,0
1896,2012-07-19,0
1897,2012-07-20,0
1898,2012-07-23,0
1899,2012-07-24,0
1900,2012-07-25,0
1901,2012-07-26,0
1902,2012-07-27,0
1903,2012-07-30,0
1904,2012-07-31,0
1905,2012-08-01,0
1906,2012-08-02,1
1907,2012-08-03,0
1908,2012-08-06,0
1909,2012-08-07,0
1910,2012-08-08,0
1911,2012-08-09,0
1912,2012-08-10,1
1913,2012-08-13,1
1914,2012-08-14,1
1915,2012-08-15,1
1916,2012-08-16,1
1917,2012-08-17,1
1918,2012-08-20,1
1919,2012-08-21,1
1920,2012-08-22,1
1921,2012-08-23,1
1922,2012-08-24,1
1923,2012-08-27,1
1924,2012-08-28,1
1925,2012-08-29,1
1926,2012-08-30,1
1927,2012-08-31,1
1928,2012-09-04,1
1929,2012-09-05,0
1930,2012-09-06,1
1931,2012-09-07,0
1932,2012-09-10,0
1933,2012-09-11,0
1934,2012-09-12,0
1935,2012-09-13,0
1936,2012-09-14,0
1937,2012-09-17,0
1938,2012-09-18,0
1939,2012-09-19,0
1940,2012-09-20,0
1941,2012-09-21,0
1942,2012-09-24,0
1943,2012-09-25,0
1944,2012-09-26,0
1945,2012-09-27,0
1946,2012-09-28,0
1947,2012-10-01,0
1948,2012-10-02,0
1949,2012-10-03,2
1950,2012-10-04,2
1951,2012-10-05,0
1952,2012-10-08,0
1953,2012-10-09,0
1954,2012-10-10,2
1955,2012-10-11,2
1956,2012-10-12,0
1957,2012-10-15,0
1958,2012-10-16,0
1959,2012-10-17,0
1960,2012-10-18,0
1961,2012-10-19,0
1962,2012-10-22,0
1963,2012-10-23,0
1964,2012-10-24,0
1965,2012-10-25,0
1966,2012-10-26,0
1967,2012-10-31,0
1968,2012-11-01,0
1969,2012-11-02,1
1970,2012-11-05,0
1971,2012-11-06,0
1972,2012-11-07,0
1973,2012-11-08,0
1974,2012-11-09,0
1975,2012-11-12,0
1976,2012-11-13,0
1977,2012-11-14,0
1978,2012-11-15,0
1979,2012-11-16,0
1980,2012-11-19,0
1981,2012-11-20,0
1982,2012-11-21,0
1983,2012-11-23,0
1984,2012-11-26,0
1985,2012-11-27,2
1986,2012-11-28,0
1987,2012-11-29,2
1988,2012-11-30,0
1989,2012-12-03,0
1990,2012-12-04,0
1991,2012-12-05,0
1992,2012-12-06,0
1993,2012-12-07,0
1994,2012-12-10,0
1995,2012-12-11,0
1996,2012-12-12,0
1997,2012-12-13,0
1998,2012-12-14,0
1999,2012-12-17,0
2000,2012-12-18,0
2001,2012-12-19,0
2002,2012-12-20,0
2003,2012-12-21,0
2004,2012-12-24,0
2005,2012-12-26,0
2006,2012-12-27,0
2007,2012-12-28,0
2008,2012-12-31,0
2009,2013-01-02,0
2010,2013-01-03,0
2011,2013-01-04,0
2012,2013-01-07,0
2013,2013-01-08,0
2014,2013-01-09,0
2015,2013-01-10,0
2016,2013-01-11,0
2017,2013-01-14,0
2018,2013-01-15,0
2019,2013-01-16,0
2020,2013-01-17,0
2021,2013-01-18,0
2022,2013-01-22,0
2023,2013-01-23,0
2024,2013-01-24,0
2025,2013-01-25,0
2026,2013-01-28,0
2027,2013-01-29,2
2028,2013-01-30,2
2029,2013-01-31,2
2030,2013-02-01,2
2031,2013-02-04,0
2032,2013-02-05,2
2033,2013-02-06,2
2034,2013-02-07,2
2035,2013-02-08,2
2036,2013-02-11,2
2037,2013-02-12,2
2038,2013-02-13,2
2039,2013-02-14,0
2040,2013-02-15,0
2041,2013-02-19,0
2042,2013-02-20,0
2043,2013-02-21,0
2044,2013-02-22,0
2045,2013-02-25,0
2046,2013-02-26,0
2047,2013-02-27,0
2048,2013-02-28,0
2049,2013-03-01,0
2050,2013-03-04,0
2051,2013-03-05,0
2052,2013-03-06,0
2053,2013-03-07,0
2054,2013-03-08,0
2055,2013-03-11,0
2056,2013-03-12,0
2057,2013-03-13,0
2058,2013-03-14,0
2059,2013-03-15,0
2060,2013-03-18,0
2061,2013-03-19,0
2062,2013-03-20,0
2063,2013-03-21,2
2064,2013-03-22,2
2065,2013-03-25,2
2066,2013-03-26,2
2067,2013-03-27,2
2068,2013-03-28,2
2069,2013-04-01,2
2070,2013-04-02,2
2071,2013-04-03,2
2072,2013-04-04,2
2073,2013-04-05,2
2074,2013-04-08,2
2075,2013-04-09,2
2076,2013-04-10,2
2077,2013-04-11,2
2078,2013-04-12,0
2079,2013-04-15,1
2080,2013-04-16,1
2081,2013-04-17,1
2082,2013-04-18,1
2083,2013-04-19,0
2084,2013-04-22,0
2085,2013-04-23,0
2086,2013-04-24,0
2087,2013-04-25,2
2088,2013-04-26,2
2089,2013-04-29,2
2090,2013-04-30,2
2091,2013-05-01,2
2092,2013-05-02,2
2093,2013-05-03,2
2094,2013-05-06,2
2095,2013-05-07,0
2096,2013-05-08,2
2097,2013-05-09,2
2098,2013-05-10,0
2099,2013-05-13,0
2100,2013-05-14,0
2101,2013-05-15,0
2102,2013-05-16,0
2103,2013-05-17,0
2104,2013-05-20,0
2105,2013-05-21,0
2106,2013-05-22,0
2107,2013-05-23,0
2108,2013-05-24,0
2109,2013-05-28,0
2110,2013-05-29,0
2111,2013-05-30,2
2112,2013-05-31,2
2113,2013-06-03,2
2114,2013-06-04,2
2115,2013-06-05,2
2116,2013-06-06,2
2117,2013-06-07,2
2118,2013-06-10,2
2119,2013-06-11,2
2120,2013-06-12,2
2121,2013-06-13,2
2122,2013-06-14,2
2123,2013-06-17,2
2124,2013-06-18,2
2125,2013-06-19,2
2126,2013-06-20,0
2127,2013-06-21,0
2128,2013-06-24,0
2129,2013-06-25,0
2130,2013-06-26,1
2131,2013-06-27,1
2132,2013-06-28,1
2133,2013-07-01,1
2134,2013-07-02,1
2135,2013-07-03,1
2136,2013-07-05,1
2137,2013-07-08,1
2138,2013-07-09,1
2139,2013-07-10,1
2140,2013-07-11,0
2141,2013-07-12,0
2142,2013-07-15,0
2143,2013-07-16,0
2144,2013-07-17,0
2145,2013-07-18,0
2146,2013-07-19,0
2147,2013-07-22,0
2148,2013-07-23,0
2149,2013-07-24,0
2150,2013-07-25,0
2151,2013-07-26,0
2152,2013-07-29,0
2153,2013-07-30,0
2154,2013-07-31,1
2155,2013-08-01,1
2156,2013-08-02,1
2157,2013-08-05,1
2158,2013-08-06,1
2159,2013-08-07,1
2160,2013-08-08,1
2161,2013-08-09,1
2162,2013-08-12,1
2163,2013-08-13,1
2164,2013-08-14,0
2165,2013-08-15,0
2166,2013-08-16,0
2167,2013-08-19,0
2168,2013-08-20,0
2169,2013-08-21,0
2170,2013-08-22,2
2171,2013-08-23,2
2172,2013-08-26,2
2173,2013-08-27,2
2174,2013-08-28,0
2175,2013-08-29,2
2176,2013-08-30,2
2177,2013-09-03,2
2178,2013-09-04,0
2179,2013-09-05,0
2180,2013-09-06,0
2181,2013-09-09,2
2182,2013-09-10,2
2183,2013-09-11,0
2184,2013-09-12,0
2185,2013-09-13,0
2186,2013-09-16,0
2187,2013-09-17,0
2188,2013-09-18,0
2189,2013-09-19,2
2190,2013-09-20,2
2191,2013-09-23,0
2192,2013-09-24,0
2193,2013-09-25,2
2194,2013-09-26,0
2195,2013-09-27,0
2196,2013-09-30,0
2197,2013-10-01,1
2198,2013-10-02,0
2199,2013-10-03,0
2200,2013-10-04,0
2201,2013-10-07,0
2202,2013-10-08,0
2203,2013-10-09,0
2204,2013-10-10,0
2205,2013-10-11,0
2206,2013-10-14,0
2207,2013-10-15,0
2208,2013-10-16,0
2209,2013-10-17,0
2210,2013-10-18,0
2211,2013-10-21,0
2212,2013-10-22,2
2213,2013-10-23,2
2214,2013-10-24,2
2215,2013-10-25,2
2216,2013-10-28,2
2217,2013-10-29,2
2218,2013-10-30,2
2219,2013-10-31,2
2220,2013-11-01,2
2221,2013-11-04,2
2222,2013-11-05,2
2223,2013-11-06,2
2224,2013-11-07,2
2225,2013-11-08,2
2226,2013-11-11,2
2227,2013-11-12,0
2228,2013-11-13,0
2229,2013-11-14,2
2230,2013-11-15,2
2231,2013-11-18,0
2232,2013-11-19,0
2233,2013-11-20,0
2234,2013-11-21,0
2235,2013-11-22,0
2236,2013-11-25,0
2237,2013-11-26,0
2238,2013-11-27,0
2239,2013-11-29,0
2240,2013-12-02,0
2241,2013-12-03,0
2242,2013-12-04,0
2243,2013-12-05,0
2244,2013-12-06,0
2245,2013-12-09,0
2246,2013-12-10,0
2247,2013-12-11,0
2248,2013-12-12,0
2249,2013-12-13,0
2250,2013-12-16,0
2251,2013-12-17,0
2252,2013-12-18,0
2253,2013-12-19,1
2254,2013-12-20,0
2255,2013-12-23,0
2256,2013-12-24,0
2257,2013-12-26,0
2258,2013-12-27,0
2259,2013-12-30,0
2260,2013-12-31,1
2261,2014-01-02,0
2262,2014-01-03,0
2263,2014-01-06,0
2264,2014-01-07,0
2265,2014-01-08,0
2266,2014-01-09,0
2267,2014-01-10,0
2268,2014-01-13,0
2269,2014-01-14,0
2270,2014-01-15,0
2271,2014-01-16,0
2272,2014-01-17,0
2273,2014-01-21,0
2274,2014-01-22,1
2275,2014-01-23,0
2276,2014-01-24,1
2277,2014-01-27,1
2278,2014-01-28,1
2279,2014-01-29,1
2280,2014-01-30,1
2281,2014-01-31,1
2282,2014-02-03,1
2283,2014-02-04,1
2284,2014-02-05,1
2285,2014-02-06,1
2286,2014-02-07,1
2287,2014-02-10,1
2288,2014-02-11,0
2289,2014-02-12,1
2290,2014-02-13,0
2291,2014-02-14,0
2292,2014-02-18,0
2293,2014-02-19,0
2294,2014-02-20,1
2295,2014-02-21,1
2296,2014-02-24,0
2297,2014-02-25,0
2298,2014-02-26,0
2299,2014-02-27,0
2300,2014-02-28,0
2301,2014-03-03,0
2302,2014-03-04,0
2303,2014-03-05,0
2304,2014-03-06,2
2305,2014-03-07,0
2306,2014-03-10,2
2307,2014-03-11,2
2308,2014-03-12,2
2309,2014-03-13,2
2310,2014-03-14,2
2311,2014-03-17,2
2312,2014-03-18,0
2313,2014-03-19,0
2314,2014-03-20,0
2315,2014-03-21,0
2316,2014-03-24,0
2317,2014-03-25,0
2318,2014-03-26,0
2319,2014-03-27,0
2320,2014-03-28,0
2321,2014-03-31,0
2322,2014-04-01,0
2323,2014-04-02,0
2324,2014-04-03,0
2325,2014-04-04,0
2326,2014-04-07,0
2327,2014-04-08,0
2328,2014-04-09,0
2329,2014-04-10,0
2330,2014-04-11,0
2331,2014-04-14,0
2332,2014-04-15,0
2333,2014-04-16,0
2334,2014-04-17,0
2335,2014-04-21,0
2336,2014-04-22,0
2337,2014-04-23,0
2338,2014-04-24,0
2339,2014-04-25,0
2340,2014-04-28,0
2341,2014-04-29,0
2342,2014-04-30,0
2343,2014-05-01,0
2344,2014-05-02,0
2345,2014-05-05,0
2346,2014-05-06,0
2347,2014-05-07,0
2348,2014-05-08,0
2349,2014-05-09,0
2350,2014-05-12,0
2351,2014-05-13,0
2352,2014-05-14,2
2353,2014-05-15,0
2354,2014-05-16,0
2355,2014-05-19,0
2356,2014-05-20,0
2357,2014-05-21,0
2358,2014-05-22,0
2359,2014-05-23,0
2360,2014-05-27,0
2361,2014-05-28,0
2362,2014-05-29,1
2363,2014-05-30,1
2364,2014-06-02,1
2365,2014-06-03,1
2366,2014-06-04,1
2367,2014-06-05,1
2368,2014-06-06,1
2369,2014-06-09,1
2370,2014-06-10,1
2371,2014-06-11,1
2372,2014-06-12,0
2373,2014-06-13,0
2374,2014-06-16,0
2375,2014-06-17,1
2376,2014-06-18,1
2377,2014-06-19,0
2378,2014-06-20,0
2379,2014-06-23,0
2380,2014-06-24,0
2381,2014-06-25,0
2382,2014-06-26,0
2383,2014-06-27,0
2384,2014-06-30,0
2385,2014-07-01,0
2386,2014-07-02,0
2387,2014-07-03,0
2388,2014-07-07,0
2389,2014-07-08,0
2390,2014-07-09,0
2391,2014-07-10,2
2392,2014-07-11,0
2393,2014-07-14,0
2394,2014-07-15,0
2395,2014-07-16,0
2396,2014-07-17,0
2397,2014-07-18,0
2398,2014-07-21,0
2399,2014-07-22,0
2400,2014-07-23,0
2401,2014-07-24,0
2402,2014-07-25,0
2403,2014-07-28,0
2404,2014-07-29,0
2405,2014-07-30,0
2406,2014-07-31,0
2407,2014-08-01,0
2408,2014-08-04,0
2409,2014-08-05,0
2410,2014-08-06,0
2411,2014-08-07,0
2412,2014-08-08,0
2413,2014-08-11,0
2414,2014-08-12,0
2415,2014-08-13,0
2416,2014-08-14,0
2417,2014-08-15,0
2418,2014-08-18,0
2419,2014-08-19,0
2420,2014-08-20,2
2421,2014-08-21,0
2422,2014-08-22,0
2423,2014-08-25,0
2424,2014-08-26,0
2425,2014-08-27,2
2426,2014-08-28,2
2427,2014-08-29,2
2428,2014-09-02,0
2429,2014-09-03,0
2430,2014-09-04,0
2431,2014-09-05,2
2432,2014-09-08,0
2433,2014-09-09,0
2434,2014-09-10,0
2435,2014-09-11,0
2436,2014-09-12,0
2437,2014-09-15,0
2438,2014-09-16,0
2439,2014-09-17,0
2440,2014-09-18,0
2441,2014-09-19,0
2442,2014-09-22,0
2443,2014-09-23,0
2444,2014-09-24,0
2445,2014-09-25,0
2446,2014-09-26,0
2447,2014-09-29,0
2448,2014-09-30,0
2449,2014-10-01,0
2450,2014-10-02,0
2451,2014-10-03,0
2452,2014-10-06,0
2453,2014-10-07,0
2454,2014-10-08,0
2455,2014-10-09,0
2456,2014-10-10,2
2457,2014-10-13,2
2458,2014-10-14,2
2459,2014-10-15,2
2460,2014-10-16,2
2461,2014-10-17,2
2462,2014-10-20,2
2463,2014-10-21,2
2464,2014-10-22,2
2465,2014-10-23,2
2466,2014-10-24,0
2467,2014-10-27,0
2468,2014-10-28,0
2469,2014-10-29,0
2470,2014-10-30,0
2471,2014-10-31,0
2472,2014-11-03,0
2473,2014-11-04,0
2474,2014-11-05,1
2475,2014-11-06,0
2476,2014-11-07,1
2477,2014-11-10,0
2478,2014-11-11,0
2479,2014-11-12,1
2480,2014-11-13,0
2481,2014-11-14,0
2482,2014-11-17,1
2483,2014-11-18,0
2484,2014-11-19,0
2485,2014-11-20,0
2486,2014-11-21,0
2487,2014-11-24,0
2488,2014-11-25,0
2489,2014-11-26,0
2490,2014-11-28,0
2491,2014-12-01,0
2492,2014-12-02,0
2493,2014-12-03,0
2494,2014-12-04,0
2495,2014-12-05,0
2496,2014-12-08,0
2497,2014-12-09,0
2498,2014-12-10,0
2499,2014-12-11,0
2500,2014-12-12,0
2501,2014-12-15,0
2502,2014-12-16,0
2503,2014-12-17,0
2504,2014-12-18,0
2505,2014-12-19,0
2506,2014-12-22,1
2507,2014-12-23,1
2508,2014-12-24,1
2509,2014-12-26,1
2510,2014-12-29,1
2511,2014-12-30,1
2512,2014-12-31,1
2513,2015-01-02,1
2514,2015-01-05,1
2515,2015-01-06,1
2516,2015-01-07,0
2517,2015-01-08,1
2518,2015-01-09,1
2519,2015-01-12,0
2520,2015-01-13,0
2521,2015-01-14,0
2522,2015-01-15,0
2523,2015-01-16,0
2524,2015-01-20,2
2525,2015-01-21,2
2526,2015-01-22,2
2527,2015-01-23,2
2528,2015-01-26,2
2529,2015-01-27,2
2530,2015-01-28,2
2531,2015-01-29,2
2532,2015-01-30,2
2533,2015-02-02,2
2534,2015-02-03,2
2535,2015-02-04,2
2536,2015-02-05,0
2537,2015-02-06,0
2538,2015-02-09,0
2539,2015-02-10,0
2540,2015-02-11,0
2541,2015-02-12,2
2542,2015-02-13,2
2543,2015-02-17,0
2544,2015-02-18,2
2545,2015-02-19,2
2546,2015-02-20,2
2547,2015-02-23,0
2548,2015-02-24,2
2549,2015-02-25,2
2550,2015-02-26,0
2551,2015-02-27,0
2552,2015-03-02,0
2553,2015-03-03,0
2554,2015-03-04,0
2555,2015-03-05,0
2556,2015-03-06,0
2557,2015-03-09,0
2558,2015-03-10,0
2559,2015-03-11,1
2560,2015-03-12,1
2561,2015-03-13,1
2562,2015-03-16,1
2563,2015-03-17,1
2564,2015-03-18,0
2565,2015-03-19,0
2566,2015-03-20,0
2567,2015-03-23,0
2568,2015-03-24,0
2569,2015-03-25,0
2570,2015-03-26,0
2571,2015-03-27,0
2572,2015-03-30,0
2573,2015-03-31,0
2574,2015-04-01,0
2575,2015-04-02,0
2576,2015-04-06,0
2577,2015-04-07,0
2578,2015-04-08,0
2579,2015-04-09,0
2580,2015-04-10,0
2581,2015-04-13,0
2582,2015-04-14,0
2583,2015-04-15,0
2584,2015-04-16,0
2585,2015-04-17,0
2586,2015-04-20,0
2587,2015-04-21,0
2588,2015-04-22,0
2589,2015-04-23,0
2590,2015-04-24,1
2591,2015-04-27,0
2592,2015-04-28,0
2593,2015-04-29,0
2594,2015-04-30,0
2595,2015-05-01,0
2596,2015-05-04,0
2597,2015-05-05,0
2598,2015-05-06,0
2599,2015-05-07,0
2600,2015-05-08,0
2601,2015-05-11,0
2602,2015-05-12,0
2603,2015-05-13,0
2604,2015-05-14,2
2605,2015-05-15,2
2606,2015-05-18,2
2607,2015-05-19,0
2608,2015-05-20,0
2609,2015-05-21,0
2610,2015-05-22,0
2611,2015-05-26,0
2612,2015-05-27,0
2613,2015-05-28,0
2614,2015-05-29,0
2615,2015-06-01,0
2616,2015-06-02,0
2617,2015-06-03,0
2618,2015-06-04,0
2619,2015-06-05,0
2620,2015-06-08,0
2621,2015-06-09,0
2622,2015-06-10,0
2623,2015-06-11,0
2624,2015-06-12,0
2625,2015-06-15,0
2626,2015-06-16,0
2627,2015-06-17,0
2628,2015-06-18,0
2629,2015-06-19,0
2630,2015-06-22,0
2631,2015-06-23,0
2632,2015-06-24,0
2633,2015-06-25,0
2634,2015-06-26,2
2635,2015-06-29,2
2636,2015-06-30,2
2637,2015-07-01,2
2638,2015-07-02,2
2639,2015-07-06,2
2640,2015-07-07,2
2641,2015-07-08,2
2642,2015-07-09,2
2643,2015-07-10,2
2644,2015-07-13,2
2645,2015-07-14,2
2646,2015-07-15,2
2647,2015-07-16,2
2648,2015-07-17,0
2649,2015-07-20,0
2650,2015-07-21,0
2651,2015-07-22,0
2652,2015-07-23,0
2653,2015-07-24,0
2654,2015-07-27,0
2655,2015-07-28,0
2656,2015-07-29,0
2657,2015-07-30,1
2658,2015-07-31,1
2659,2015-08-03,1
2660,2015-08-04,1
2661,2015-08-05,0
2662,2015-08-06,0
2663,2015-08-07,0
2664,2015-08-10,0
2665,2015-08-11,0
2666,2015-08-12,0
2667,2015-08-13,0
2668,2015-08-14,0
2669,2015-08-17,0
2670,2015-08-18,0
2671,2015-08-19,0
2672,2015-08-20,2
2673,2015-08-21,2
2674,2015-08-24,2
2675,2015-08-25,0
2676,2015-08-26,0
2677,2015-08-27,0
2678,2015-08-28,0
2679,2015-08-31,0
2680,2015-09-01,0
2681,2015-09-02,0
2682,2015-09-03,0
2683,2015-09-04,0
2684,2015-09-08,0
2685,2015-09-09,0
2686,2015-09-10,0
2687,2015-09-11,0
2688,2015-09-14,0
2689,2015-09-15,0
2690,2015-09-16,0
2691,2015-09-17,0
2692,2015-09-18,0
2693,2015-09-21,0
2694,2015-09-22,0
2695,2015-09-23,1
2696,2015-09-24,0
2697,2015-09-25,0
2698,2015-09-28,0
2699,2015-09-29,1
2700,2015-09-30,1
2701,2015-10-01,1
2702,2015-10-02,0
2703,2015-10-05,0
2704,2015-10-06,0
2705,2015-10-07,0
2706,2015-10-08,0
2707,2015-10-09,0
2708,2015-10-12,0
2709,2015-10-13,2
2710,2015-10-14,2
2711,2015-10-15,2
2712,2015-10-16,2
2713,2015-10-19,2
2714,2015-10-20,2
2715,2015-10-21,2
2716,2015-10-22,2
2717,2015-10-23,2
2718,2015-10-26,2
2719,2015-10-27,2
2720,2015-10-28,2
2721,2015-10-29,2
2722,2015-10-30,2
2723,2015-11-02,2
2724,2015-11-03,0
2725,2015-11-04,0
2726,2015-11-05,2
2727,2015-11-06,0
2728,2015-11-09,0
2729,2015-11-10,0
2730,2015-11-11,0
2731,2015-11-12,0
2732,2015-11-13,0
2733,2015-11-16,0
2734,2015-11-17,0
2735,2015-11-18,0
2736,2015-11-19,0
2737,2015-11-20,0
2738,2015-11-23,0
2739,2015-11-24,0
2740,2015-11-25,0
2741,2015-11-27,0
2742,2015-11-30,0
2743,2015-12-01,0
2744,2015-12-02,0
2745,2015-12-03,0
2746,2015-12-04,0
2747,2015-12-07,0
2748,2015-12-08,0
2749,2015-12-09,0
2750,2015-12-10,0
2751,2015-12-11,0
2752,2015-12-14,0
2753,2015-12-15,1
2754,2015-12-16,0
2755,2015-12-17,1
2756,2015-12-18,0
2757,2015-12-21,0
2758,2015-12-22,0
2759,2015-12-23,0
2760,2015-12-24,0
2761,2015-12-28,0
2762,2015-12-29,0
2763,2015-12-30,0
2764,2015-12-31,1
2765,2016-01-04,1
2766,2016-01-05,0
2767,2016-01-06,0
2768,2016-01-07,0
2769,2016-01-08,0
2770,2016-01-11,0
2771,2016-01-12,1
2772,2016-01-13,1
2773,2016-01-14,1
2774,2016-01-15,1
2775,2016-01-19,1
2776,2016-01-20,1
2777,2016-01-21,1
2778,2016-01-22,1
2779,2016-01-25,1
2780,2016-01-26,1
2781,2016-01-27,1
2782,2016-01-28,1
2783,2016-01-29,1
2784,2016-02-01,1
2785,2016-02-02,1
2786,2016-02-03,1
2787,2016-02-04,1
2788,2016-02-05,1
2789,2016-02-08,0
2790,2016-02-09,0
2791,2016-02-10,1
2792,2016-02-11,0
2793,2016-02-12,0
2794,2016-02-16,1
2795,2016-02-17,0
2796,2016-02-18,0
2797,2016-02-19,0
2798,2016-02-22,0
2799,2016-02-23,0
2800,2016-02-24,0
2801,2016-02-25,0
2802,2016-02-26,0
2803,2016-02-29,0
2804,2016-03-01,0
2805,2016-03-02,0
2806,2016-03-03,0
2807,2016-03-04,0
2808,2016-03-07,0
2809,2016-03-08,0
2810,2016-03-09,0
2811,2016-03-10,0
2812,2016-03-11,0
2813,2016-03-14,0
2814,2016-03-15,0
2815,2016-03-16,0
2816,2016-03-17,0
2817,2016-03-18,0
2818,2016-03-21,0
2819,2016-03-22,0
2820,2016-03-23,0
2821,2016-03-24,0
2822,2016-03-28,0
2823,2016-03-29,0
2824,2016-03-30,0
2825,2016-03-31,0
2826,2016-04-01,0
2827,2016-04-04,0
2828,2016-04-05,0
2829,2016-04-06,0
2830,2016-04-07,0
2831,2016-04-08,0
2832,2016-04-11,0
2833,2016-04-12,0
2834,2016-04-13,0
2835,2016-04-14,0
2836,2016-04-15,1
2837,2016-04-18,0
2838,2016-04-19,0
2839,2016-04-20,0
2840,2016-04-21,0
2841,2016-04-22,0
2842,2016-04-25,0
2843,2016-04-26,0
2844,2016-04-27,0
2845,2016-04-28,0
2846,2016-04-29,0
2847,2016-05-02,0
2848,2016-05-03,2
2849,2016-05-04,0
2850,2016-05-05,2
2851,2016-05-06,2
2852,2016-05-09,2
2853,2016-05-10,2
2854,2016-05-11,2
2855,2016-05-12,0
2856,2016-05-13,0
2857,2016-05-16,0
2858,2016-05-17,0
